{"cameraMode":{"drawMode":0,"name":"Shaded","section":"Shading Mode"},"sceneLighting":true,"audioPlay":false,"sceneViewState":{"showFog":true,"showMaterialUpdate":true,"showSkybox":true,"showFlares":true,"showImageEffects":true,"showParticleSystems":true,"showVisualEffectGraphs":true,"m_FxEnabled":true},"in2DMode":false,"pivot":{"x":0.11817121505737305,"y":0.28397268056869509,"z":0.41050589084625246},"rotation":{"x":-0.3841986060142517,"y":-0.08952847123146057,"z":0.03746114671230316,"w":-0.9181455373764038},"size":3.5660250186920168,"orthographic":false}