{"cameraMode":{"drawMode":0,"name":"Shaded","section":"Shading Mode"},"sceneLighting":true,"audioPlay":false,"sceneViewState":{"showFog":true,"showMaterialUpdate":true,"showSkybox":true,"showFlares":true,"showImageEffects":true,"showParticleSystems":true,"showVisualEffectGraphs":true,"m_FxEnabled":true},"in2DMode":false,"pivot":{"x":0.9369997978210449,"y":1.037980079650879,"z":0.8803677558898926},"rotation":{"x":-0.3159812390804291,"y":-0.1511278599500656,"z":0.051056068390607837,"w":-0.9352693557739258},"size":3.5660250186920168,"orthographic":false}